design,models,calls,erho2,phi
training,1,1,0.692748,0.592532
training,1,2,0.73963,0.626498
training,1,3,0.7567,0.638702
training,1,5,0.770934,0.648813
training,1,10,0.781966,0.656609
training,2,1,0.818489,0.744138
training,2,2,0.850331,0.770364
training,2,3,0.861502,0.779522
training,2,5,0.870653,0.787007
training,2,10,0.877644,0.792715
training,3,1,0.8712,0.813521
training,3,2,0.894981,0.83422
training,3,3,0.903199,0.841355
training,3,5,0.909883,0.847152
training,3,10,0.914961,0.851553
training,4,1,0.900186,0.853302
training,4,2,0.919112,0.870289
training,4,3,0.925599,0.876103
training,4,5,0.930854,0.88081
training,4,10,0.934836,0.884374
training,5,1,0.918522,0.879094
training,5,2,0.934226,0.893467
training,5,3,0.93958,0.898364
training,5,5,0.943908,0.902319
training,5,10,0.94718,0.905309
training,6,1,0.931167,0.897173
training,6,2,0.94458,0.909618
training,6,3,0.949138,0.913844
training,6,5,0.952815,0.917252
training,6,10,0.955592,0.919826
training,7,1,0.940415,0.910549
training,7,2,0.952118,0.921516
training,7,3,0.956085,0.925231
training,7,5,0.959282,0.928225
training,7,10,0.961693,0.930483
training,8,1,0.947472,0.920845
training,8,2,0.957851,0.930647
training,8,3,0.961362,0.93396
training,8,5,0.964189,0.936628
training,8,10,0.96632,0.938639
training,9,1,0.953034,0.929016
training,9,2,0.962358,0.937874
training,9,3,0.965507,0.940864
training,9,5,0.968041,0.94327
training,9,10,0.96995,0.945083
training,10,1,0.957531,0.935657
training,10,2,0.965994,0.943737
training,10,3,0.968849,0.946461
training,10,5,0.971145,0.948652
training,10,10,0.972874,0.950302
training,11,1,0.961242,0.941162
training,11,2,0.96899,0.948589
training,11,3,0.9716,0.95109
training,11,5,0.973699,0.953101
training,11,10,0.975279,0.954615
training,12,1,0.964357,0.9458
training,12,2,0.9715,0.95267
training,12,3,0.973905,0.954983
training,12,5,0.975838,0.956841
training,12,10,0.977292,0.958239
record,1,1,0.88551,0.85677
record,1,2,0.915351,0.884676
record,1,3,0.925751,0.894386
record,1,5,0.934242,0.902309
record,1,10,0.940713,0.908344
record,2,1,0.939279,0.922861
record,2,2,0.955805,0.938809
record,2,3,0.961444,0.944249
record,2,5,0.966003,0.948646
record,2,10,0.969451,0.951971
record,3,1,0.958683,0.947217
record,3,2,0.970096,0.958357
record,3,3,0.973961,0.962129
record,3,5,0.977076,0.965168
record,3,10,0.979424,0.967459
record,4,1,0.968689,0.959883
record,4,2,0.977403,0.968439
record,4,3,0.980343,0.971325
record,4,5,0.982708,0.973646
record,4,10,0.984488,0.975394
record,5,1,0.974793,0.967647
record,5,2,0.981841,0.974591
record,5,3,0.984212,0.976928
record,5,5,0.986118,0.978805
record,5,10,0.987552,0.980218
record,6,1,0.978906,0.972893
record,6,2,0.984821,0.978736
record,6,3,0.986809,0.980699
record,6,5,0.988405,0.982275
record,6,10,0.989605,0.983461
record,7,1,0.981865,0.976675
record,7,2,0.986961,0.981718
record,7,3,0.988672,0.98341
record,7,5,0.990045,0.984769
record,7,10,0.991077,0.98579
record,8,1,0.984095,0.979531
record,8,2,0.988573,0.983967
record,8,3,0.990074,0.985454
record,8,5,0.991278,0.986647
record,8,10,0.992184,0.987544
record,9,1,0.985838,0.981764
record,9,2,0.989829,0.985723
record,9,3,0.991167,0.987049
record,9,5,0.99224,0.988113
record,9,10,0.993046,0.988913
record,10,1,0.987236,0.983557
record,10,2,0.990837,0.987132
record,10,3,0.992043,0.988329
record,10,5,0.993011,0.989289
record,10,10,0.993737,0.99001
record,11,1,0.988383,0.98503
record,11,2,0.991663,0.988288
record,11,3,0.992761,0.989379
record,11,5,0.993642,0.990253
record,11,10,0.994303,0.99091
record,12,1,0.98934,0.98626
record,12,2,0.992353,0.989254
record,12,3,0.993361,0.990255
record,12,5,0.994169,0.991058
record,12,10,0.994775,0.991661
both,1,1,0.859258,0.804746
both,1,2,0.882149,0.82479
both,1,3,0.890053,0.831695
both,1,5,0.896478,0.837303
both,1,10,0.901359,0.841559
both,2,1,0.924302,0.891811
both,2,2,0.937385,0.903984
both,2,3,0.941828,0.908115
both,2,5,0.945414,0.911448
both,2,10,0.948121,0.913964
both,3,1,0.948229,0.925175
both,3,2,0.957367,0.933873
both,3,3,0.960452,0.936808
both,3,5,0.962935,0.93917
both,3,10,0.964805,0.940949
both,4,1,0.960662,0.942812
both,4,2,0.967681,0.949571
both,4,3,0.970043,0.951845
both,4,5,0.971941,0.953673
both,4,10,0.97337,0.955048
both,5,1,0.96828,0.95372
both,5,2,0.973976,0.959246
both,5,3,0.97589,0.961102
both,5,5,0.977426,0.962592
both,5,10,0.978582,0.963712
both,6,1,0.973426,0.961134
both,6,2,0.978219,0.965806
both,6,3,0.979827,0.967373
both,6,5,0.981117,0.968631
both,6,10,0.982087,0.969576
both,7,1,0.977136,0.9665
both,7,2,0.981272,0.970547
both,7,3,0.982659,0.971903
both,7,5,0.983771,0.972991
both,7,10,0.984607,0.973809
both,8,1,0.979937,0.970564
both,8,2,0.983575,0.974133
both,8,3,0.984794,0.975329
both,8,5,0.985771,0.976287
both,8,10,0.986505,0.977007
both,9,1,0.982126,0.973749
both,9,2,0.985373,0.976941
both,9,3,0.98646,0.97801
both,9,5,0.987332,0.978866
both,9,10,0.987986,0.97951
both,10,1,0.983885,0.976312
both,10,2,0.986817,0.979199
both,10,3,0.987798,0.980165
both,10,5,0.988584,0.980939
both,10,10,0.989175,0.981521
both,11,1,0.985328,0.978419
both,11,2,0.988001,0.981054
both,11,3,0.988895,0.981936
both,11,5,0.989611,0.982642
both,11,10,0.990149,0.983173
both,12,1,0.986534,0.980182
both,12,2,0.98899,0.982605
both,12,3,0.989811,0.983416
both,12,5,0.990469,0.984066
both,12,10,0.990963,0.984553
